community_id,subcatchment_index_0based,subcatchment_index_1based,subcatchment_name,outlet_node_index_0based,outlet_node_index_1based,outlet_node_name
2,46,47,G60O280_7268,49,50,G60O280
2,47,48,G60O320_7269,50,51,G60O320
2,48,49,G60O340_7270,52,53,G60O340
2,50,51,G60R281_7272,57,58,G60R281
2,51,52,G60R282_7273,58,59,G60R282
2,52,53,G60R290_7274,59,60,G60R290
2,53,54,G60R291_7275,60,61,G60R292
2,54,55,G60R293_7277,61,62,G60R293
2,55,56,G60R295_7278,63,64,G60R295
2,56,57,G60R296_7279,64,65,G60R296
2,60,61,G60R321_7283,70,71,G60R321
2,61,62,G60R322_7284,71,72,G60R322
2,62,63,G60R323_7285,72,73,G60R323
2,63,64,G60R342_7286,74,75,G60R342
2,64,65,G60R343_7287,75,76,G60R343
2,65,66,G60R380_7288,76,77,G60R380
2,66,67,G60R381_7289,79,80,G60R385
2,67,68,G60R382_7290,77,78,G60R382
2,68,69,G60R383_7291,78,79,G60R383
2,88,89,G61F080_7311,105,106,G61F080
4,49,50,G60R011_7271,56,57,G60R011
4,57,58,G60R305_7280,68,69,G60R307
4,58,59,G60R307_7281,68,69,G60R307
4,59,60,G60R308_7282,69,70,G60R308
5,69,70,G61F011_7292,82,83,G61F011
5,70,71,G61F013_7293,84,85,G61F013
5,138,139,G61F420_7361,164,165,G61F420
5,139,140,G61F430_7362,165,166,G61F430
5,140,141,G61F440_7363,166,167,G61F440
5,141,142,G61F460_7364,167,168,G61F460
6,71,72,G61F030_7294,86,87,G61F030
6,72,73,G61F031_7295,87,88,G61F031
6,73,74,G61F032_7296,88,89,G61F032
6,74,75,G61F033_7297,89,90,G61F033
6,75,76,G61F034_7298,90,91,G61F034
6,76,77,G61F035_7299,91,92,G61F035
6,77,78,G61F041_7300,93,94,G61F041
6,78,79,G61F042_7301,94,95,G61F042
6,79,80,G61F043_7302,95,96,G61F043
6,80,81,G61F044_7303,96,97,G61F044
6,81,82,G61F045_7304,97,98,G61F045
6,82,83,G61F060_7305,98,99,G61F060
6,83,84,G61F061_7306,99,100,G61F061
6,84,85,G61F062_7307,100,101,G61F062
6,85,86,G61F063_7308,101,102,G61F063
6,86,87,G61F064_7309,102,103,G61F064
6,87,88,G61F065_7310,103,104,G61F065
7,128,129,G61F370_7351,149,150,G61F370
7,129,130,G61F373_7352,152,153,G61F373
7,130,131,G61F375_7353,154,155,G61F375
7,131,132,G61F376_7354,155,156,G61F376
7,132,133,G61F380_7355,156,157,G61F380
7,133,134,G61F390_7356,157,158,G61F390
7,134,135,G61F400_7357,158,159,G61F400
7,135,136,G61F410_7358,159,160,G61F410
7,136,137,G61F411_7359,160,161,G61F411
7,137,138,G61F412_7360,161,162,G61F412
8,97,98,G61F170_7320,116,117,G61F170
8,121,122,G61F350_7344,142,143,G61F350
8,122,123,G61F351_7345,143,144,G61F351
8,123,124,G61F352_7346,144,145,G61F352
8,124,125,G61F353_7347,145,146,G61F353
8,125,126,G61F354_7348,146,147,G61F354
8,142,143,G62F010_7416,169,170,G62F010
8,143,144,G62F011_7417,170,171,G62F011
8,144,145,G62F012_7418,171,172,G62F012
8,145,146,G62F014_7419,172,173,G62F014
8,146,147,G62F015_7420,173,174,G62F015
8,147,148,G62F020_7421,174,175,G62F020
8,148,149,G62F022_7422,175,176,G62F022
8,149,150,G62F023_7423,176,177,G62F023
9,89,90,G61F120_7312,108,109,G61F120
9,90,91,G61F130_7313,109,110,G61F130
9,91,92,G61F140_7314,110,111,G61F140
9,92,93,G61F160_7315,111,112,G61F160
9,93,94,G61F161_7316,112,113,G61F161
9,94,95,G61F162_7317,113,114,G61F162
9,95,96,G61F163_7318,114,115,G61F163
9,96,97,G61F164_7319,115,116,G61F164
9,98,99,G61F180_7321,117,118,G61F180
9,99,100,G61F210_7322,118,119,G61F210
9,100,101,G61F221_7323,120,121,G61F221
9,101,102,G61F222_7324,121,122,G61F222
9,102,103,G61F223_7325,122,123,G61F223
9,103,104,G61F224_7326,123,124,G61F224
9,104,105,G61F230_7327,124,125,G61F230
9,105,106,G61F231_7328,125,126,G61F231
9,106,107,G61F232_7329,126,127,G61F232
9,107,108,G61F233_7330,127,128,G61F233
9,108,109,G61F240_7331,128,129,G61F240
9,109,110,G61F241_7332,129,130,G61F241
9,110,111,G61F242_7333,130,131,G61F242
9,111,112,G61F243_7334,131,132,G61F243
9,112,113,G61F260_7335,132,133,G61F260
9,113,114,G61F261_7336,133,134,G61F261
9,114,115,G61F270_7337,134,135,G61F270
9,115,116,G61F280_7338,135,136,G61F280
9,116,117,G61F290_7339,136,137,G61F290
9,117,118,G61F320_7340,138,139,G61F320
9,118,119,G61F330_7341,139,140,G61F330
9,119,120,G61F331_7342,140,141,G61F331
9,120,121,G61F340_7343,141,142,G61F340
9,126,127,G61F360_7349,168,169,G61K360
9,127,128,G61F362_7350,148,149,G61F362
10,150,151,G62F060_7424,177,178,G62F060
10,151,152,G62F070_7425,178,179,G62F070
10,152,153,G62F071_7426,179,180,G62F071
10,153,154,G62F072_7427,180,181,G62F072
10,154,155,G62F073_7428,181,182,G62F073
10,155,156,G62F090_7429,183,184,G62F090
10,156,157,G62F091_7430,184,185,G62F091
10,157,158,G62F092_7431,185,186,G62F092
10,158,159,G62F093_7432,186,187,G62F093
10,159,160,G62F094_7433,187,188,G62F094
10,160,161,G62F095_7434,188,189,G62F095
10,161,162,G62F110_7435,189,190,G62F110
10,162,163,G62F112_7436,191,192,G62F112
10,163,164,G62F113_7437,192,193,G62F113
10,164,165,G62F114_7438,193,194,G62F114
10,165,166,G62F115_7439,194,195,G62F115
10,166,167,G62F116_7440,195,196,G62F116
10,167,168,G62F117_7441,196,197,G62F117
10,168,169,G62F121_7442,199,200,G62F121
10,169,170,G62F122_7443,200,201,G62F122
10,170,171,G62F130_7444,201,202,G62F130
10,171,172,G62F140_7445,202,203,G62F140
10,172,173,G62F160_7446,203,204,G62F160
10,173,174,G62F170_7447,204,205,G62F170
10,174,175,G62F180_7448,205,206,G62F180
10,175,176,G62F191_7449,207,208,G62F191
10,179,180,G62F402_7453,219,220,G62F402
11,176,177,G62F195_7450,211,212,G62F195
11,177,178,G62F197_7451,213,214,G62F197
11,178,179,G62F199_7452,215,216,G62F199
11,180,181,G62F403_7454,220,221,G62F403
14,181,182,G70F105_76812,258,259,G70F105
14,182,183,G70F123_7682,263,264,G70F123
14,183,184,G70F125_7683,265,266,G70F125
14,184,185,G70F130_7684,266,267,G70F130
14,185,186,G70F143_7685,270,271,G70F143
14,186,187,G70F160_7686,271,272,G70F160
14,187,188,G70F161_7687,272,273,G70F161
14,188,189,G70F162_7688,273,274,G70F162
14,189,190,G70F163_7689,274,275,G70F163
14,190,191,G70F164_7690,275,276,G70F164
14,191,192,G70F165_7691,276,277,G70F165
14,192,193,G70F166_7692,277,278,G70F166
14,193,194,G70F210_7693,281,282,G70F210
14,194,195,G70F211_7694,282,283,G70F211
14,195,196,G70F220_7695,284,285,G70F220
14,196,197,G70F230_7696,285,286,G70F230
14,197,198,G70F232_7697,287,288,G70F232
14,198,199,G70F234_7698,289,290,G70F234
14,199,200,G70F235_7699,290,291,G70F235
14,200,201,G70F236_7700,291,292,G70F236
14,216,217,G70R261_7775,261,262,G70F121
14,217,218,G70R262_7776,262,263,G70F122
14,315,316,G72F771_80602,291,292,G70F236
15,201,202,G70F330_7701,296,297,G70F330
15,202,203,G70F331_7702,297,298,G70F331
15,203,204,G70F332_7703,298,299,G70F332
15,204,205,G70F333_7704,299,300,G70F333
15,205,206,G70F334_7705,300,301,G70F334
15,206,207,G70F335_7706,301,302,G70F335
15,207,208,G70F340_7707,302,303,G70F340
15,208,209,G70F341_7708,303,304,G70F341
15,209,210,G70F370_7709,304,305,G70F370
15,210,211,G70F371_7710,305,306,G70F371
15,211,212,G70F373_7711,307,308,G70F373
15,212,213,G70F374_7712,308,309,G70F374
15,213,214,G70F375_7713,312,313,G70F379
15,214,215,G70F377_7714,310,311,G70F377
15,275,276,G71F306_78792,301,302,G70F335
16,218,219,G71F041_7827,335,336,G71F041
16,219,220,G71F041_7828,335,336,G71F041
16,220,221,G71F046_7829,339,340,G71F046
16,221,222,G71F047_7830,340,341,G71F047
16,222,223,G71F057_7831,346,347,G71F058
16,223,224,G71F057_7832,346,347,G71F058
16,224,225,G71F057_7833,346,347,G71F058
16,225,226,G71F058_7834,346,347,G71F058
16,226,227,G71F058_7835,346,347,G71F058
16,227,228,G71F090_7836,1007,1008,G71F090
16,228,229,G71F090_7836_1,1007,1008,G71F090
16,229,230,G71F090_7837,1007,1008,G71F090
16,247,248,G71F12P_7852,362,363,G71F12P
16,294,295,G72F011_7902,422,423,G72F011
16,295,296,G72F011_7903,422,423,G72F011
16,296,297,G72F012_7904,423,424,G72F012
16,297,298,G72F012_7905,423,424,G72F012
16,298,299,G72F013_7906,424,425,G72F013
16,299,300,G72F013_7907,424,425,G72F013
16,300,301,G72F014_7908,425,426,G72F014
16,301,302,G72F014_7909,425,426,G72F014
16,302,303,G72F015_7910,426,427,G72F015
16,303,304,G72F015_7911,426,427,G72F015
17,230,231,G71F100_7838,351,352,G71F100
17,231,232,G71F100_7838_1,351,352,G71F100
17,232,233,G71F100_7839,351,352,G71F100
17,233,234,G71F110_7840,352,353,G71F110
17,234,235,G71F110_7840_1,352,353,G71F110
17,235,236,G71F110_7841,352,353,G71F110
17,236,237,G71F110_7842,352,353,G71F110
17,237,238,G71F120_7843,353,354,G71F120
17,238,239,G71F120_7843_1,353,354,G71F120
17,239,240,G71F120_7844,353,354,G71F120
17,240,241,G71F121_7845,354,355,G71F121
17,241,242,G71F122_7846,355,356,G71F122
17,242,243,G71F123_7847,356,357,G71F123
17,243,244,G71F125_7848,358,359,G71F125
17,244,245,G71F126_7849,359,360,G71F126
17,245,246,G71F127_7850,360,361,G71F127
17,246,247,G71F128_7851,361,362,G71F128
17,282,283,G71F360_7886,402,403,G71F360
17,283,284,G71F360_7887,402,403,G71F360
17,284,285,G71F370_7888,403,404,G71F370
17,285,286,G71F380_7889,404,405,G71F380
17,286,287,G71F390_7890,405,406,G71F390
17,287,288,G71F391_7891,406,407,G71F391
17,288,289,G71F392_7892,407,408,G71F392
17,289,290,G71F393_7893,408,409,G71F393
17,290,291,G71F394_7894,409,410,G71F394
18,248,249,G71F140_7853,364,365,G71F140
18,249,250,G71F141_7854,365,366,G71F141
18,250,251,G71F142_7855,366,367,G71F142
18,251,252,G71F143_7856,367,368,G71F143
18,252,253,G71F144_7857,368,369,G71F144
18,253,254,G71F145_7858,369,370,G71F145
18,254,255,G71F146_7859,370,371,G71F146
18,255,256,G71F147_7860,371,372,G71F147
18,256,257,G71F148_7861,372,373,G71F148
18,257,258,G71F160_7862,373,374,G71F160
18,258,259,G71F170_7863,374,375,G71F170
18,259,260,G71F171_7864,375,376,G71F171
18,260,261,G71F172_7865,376,377,G71F172
18,261,262,G71F174_7866,378,379,G71F174
18,262,263,G71F175_7867,379,380,G71F175
18,263,264,G71F176_7868,380,381,G71F176
18,264,265,G71F177_7869,381,382,G71F177
18,265,266,G71F180_7870,382,383,G71F180
18,266,267,G71F190_7871,383,384,G71F190
18,267,268,G71F200_7872,384,385,G71F200
18,419,420,G72F550_8007,503,504,G72F550
18,420,421,G72F550_8008,503,504,G72F550
19,268,269,G71F300_7873,388,389,G71F300
19,269,270,G71F301_7874,389,390,G71F301
19,270,271,G71F302_7875,390,391,G71F302
19,271,272,G71F303_7876,391,392,G71F303
19,272,273,G71F304_7877,392,393,G71F304
19,273,274,G71F305_7878,393,394,G71F305
19,274,275,G71F306_7879,394,395,G71F306
19,276,277,G71F310_7880,395,396,G71F310
19,277,278,G71F311_7881,396,397,G71F311
19,278,279,G71F312_7882,397,398,G71F312
19,279,280,G71F313_7883,398,399,G71F313
19,280,281,G71F314_7884,399,400,G71F314
19,281,282,G71F315_7885,400,401,G71F315
20,291,292,G71R060_7895,412,413,G71R070
20,292,293,G71R130_7896,416,417,G71R130
20,293,294,G71R132_7897,418,419,G71R132
21,341,342,G72F062_7917,433,434,G72F062
21,342,343,G72F067_7918,437,438,G72F067
21,343,344,G72F068_7919,438,439,G72F068
21,344,345,G72F069_7920,439,440,G72F069
21,346,347,G72F071_7922,441,442,G72F071
22,30,31,G72F316_7958,475,476,G72F316
22,31,32,G72F317_7959,476,477,G72F317
22,32,33,G72F317_7960,476,477,G72F317
22,33,34,G72F317_7961,476,477,G72F317
22,34,35,G72F317_7962,476,477,G72F317
22,35,36,G72F320_7963,477,478,G72F320
22,36,37,G72F320_7964,477,478,G72F320
22,37,38,G72F330_7965,478,479,G72F330
22,363,364,G72F250_7938,459,460,G72F250
22,364,365,G72F252_7939,460,461,G72F252
22,365,366,G72F252_7940,460,461,G72F252
22,366,367,G72F253_7941,461,462,G72F253
22,367,368,G72F260_7942,463,464,G72F260
22,368,369,G72F260_7943,463,464,G72F260
22,369,370,G72F280_7944,465,466,G72F280
22,370,371,G72F281_7945,466,467,G72F281
22,371,372,G72F290_7946,467,468,G72F290
22,372,373,G72F300_7947,468,469,G72F300
22,373,374,G72F310_7948,469,470,G72F310
22,374,375,G72F310_7949,469,470,G72F310
22,375,376,G72F311_7950,470,471,G72F311
22,376,377,G72F311_7951,470,471,G72F311
22,377,378,G72F313_7952,472,473,G72F313
22,378,379,G72F314_7953,473,474,G72F314
22,379,380,G72F314_7954,473,474,G72F314
22,380,381,G72F315_7955,474,475,G72F315
22,381,382,G72F316_7956,475,476,G72F316
22,382,383,G72F316_7957,475,476,G72F316
22,487,488,G72K256_8088,589,590,G72K257
22,488,489,G72K258_8089,590,591,G72K258
22,489,490,G72K312_8090,592,593,G72K312
22,490,491,G72K312_8091,592,593,G72K312
23,354,355,G72F091_7930,450,451,G72F091
23,355,356,G72F092_7931,451,452,G72F092
23,356,357,G72F093_7932,452,453,G72F093
23,357,358,G72F095_7933,453,454,G72F095
23,358,359,G72F100_7934,454,455,G72F100
23,359,360,G72F101_7935,455,456,G72F101
23,360,361,G72F110_7936,456,457,G72F110
23,361,362,G72F110_7936_1,456,457,G72F110
23,362,363,G72F120_7937,458,459,G72F120
23,383,384,G72F340_7973,486,487,G72F350
23,384,385,G72F350_7974,486,487,G72F350
23,385,386,G72F350_7975,486,487,G72F350
23,386,387,G72F360_17874,487,488,G72F360
23,387,388,G72F380_7976,489,490,G72F380
23,388,389,G72F390_7977,490,491,G72F390
23,389,390,G72F390_7978,490,491,G72F390
23,390,391,G72F390_7979,490,491,G72F390
23,391,392,G72F410_7980,491,492,G72F410
23,392,393,G72F410_7980_1,491,492,G72F410
23,393,394,G72F410_7981,491,492,G72F410
23,394,395,G72F420_7982,492,493,G72F420
23,395,396,G72F420_7983,492,493,G72F420
23,396,397,G72F420_7984,492,493,G72F420
23,397,398,G72F420_7985,492,493,G72F420
23,398,399,G72F430_7986,493,494,G72F430
23,399,400,G72F430_7987,493,494,G72F430
23,400,401,G72F430_7988,493,494,G72F430
23,401,402,G72F440_7989,494,495,G72F440
23,402,403,G72F440_7990,494,495,G72F440
23,403,404,G72F440_7991,494,495,G72F440
23,404,405,G72F460_7992,495,496,G72F460
23,405,406,G72F460_7993,495,496,G72F460
23,406,407,G72F460_7994,495,496,G72F460
23,407,408,G72F470_7995,496,497,G72F470
23,408,409,G72F470_7996,496,497,G72F470
23,409,410,G72F480_7997,497,498,G72F480
23,410,411,G72F480_7998,497,498,G72F480
23,411,412,G72F490_7999,498,499,G72F490
23,412,413,G72F490_8000,498,499,G72F490
23,413,414,G72F491_8001,499,500,G72F491
23,414,415,G72F491_8002,499,500,G72F491
23,415,416,G72F492_8003,500,501,G72F492
23,416,417,G72F492_8004,500,501,G72F492
23,417,418,G72F494_8005,502,503,G72F494
23,418,419,G72F494_8006,502,503,G72F494
23,484,485,G72K100_8086,588,589,G72K100
23,485,486,G72K100_8086_1,588,589,G72K100
23,486,487,G72K100_8087,588,589,G72K100
23,530,531,G73F000_8166,692,693,G73F000
23,531,532,G73F001_8167,693,694,G73F001
23,532,533,G73F002_8168,694,695,G73F002
23,533,534,G73F003_8169,695,696,G73F003
23,534,535,G73F004_8170,696,697,G73F004
23,535,536,G73F005_8171,697,698,G73F005
23,536,537,G73F006_8172,698,699,G73F006
23,537,538,G73F006_8173,698,699,G73F006
23,538,539,G73F007_8174,699,700,G73F007
23,539,540,G73F008_8175,700,701,G73F008
23,540,541,G73F010_8176,701,702,G73F010
23,541,542,G73F020_8177,702,703,G73F020
23,542,543,G73F030_8178,703,704,G73F030
23,543,544,G73F030_8179,703,704,G73F030
23,544,545,G73F040_8180,704,705,G73F040
23,545,546,G73F042_8181,706,707,G73F042
23,546,547,G73F042_8182,706,707,G73F042
24,421,422,G72F561_8009,504,505,G72F561
24,422,423,G72F562_8010,505,506,G72F562
24,423,424,G72F580_8011,507,508,G72F580
24,424,425,G72F581_8012,508,509,G72F581
24,425,426,G72F582_8013,509,510,G72F582
24,426,427,G72F584_8014,511,512,G72F584
24,427,428,G72F585_8015,512,513,G72F585
24,428,429,G72F586_8016,513,514,G72F586
24,429,430,G72F588_8017,515,516,G72F588
24,430,431,G72F590_8018,516,517,G72F590
24,431,432,G72F610_8019,517,518,G72F610
24,432,433,G72F620_8020,518,519,G72F620
24,433,434,G72F630_8021,519,520,G72F630
24,434,435,G72F631_8022,520,521,G72F631
24,435,436,G72F632_8023,521,522,G72F632
24,436,437,G72F633_8024,522,523,G72F633
24,437,438,G72F635_8025,523,524,G72F636
24,438,439,G72F636_8026,523,524,G72F636
24,439,440,G72F637_8027,524,525,G72F637
24,440,441,G72F642_8028,526,527,G72F642
24,441,442,G72F644_8029,527,528,G72F644
24,442,443,G72F645_8030,528,529,G72F645
24,443,444,G72F647_8031,530,531,G72F647
24,444,445,G72F647_8031_1,530,531,G72F647
24,445,446,G72F648_8032,531,532,G72F648
24,493,494,G72K560_8094,595,596,G72K560
24,494,495,G72K563_8095,598,599,G72K563
24,524,525,G72R820_8160,679,680,G72R820
24,525,526,G72R890_8161,685,686,G72R890
24,526,527,G72R891_8162,686,687,G72R891
24,527,528,G72R892_8163,687,688,G72R892
24,528,529,G72R893_8164,688,689,G72R893
24,529,530,G72R894_8165,689,690,G72R894
25,14,15,G72R33B_8135,1009,1010,G72R33B
25,20,21,G72R641_8141,658,659,G72R641
25,21,22,G72R642_8142,659,660,G72R642
25,345,346,G72F070_7921,440,441,G72F070
25,347,348,G72F080_7923,442,443,G72F080
25,348,349,G72F080_7924,442,443,G72F080
25,349,350,G72F082_7925,444,445,G72F082
25,350,351,G72F083_7926,445,446,G72F083
25,351,352,G72F084_7927,446,447,G72F084
25,352,353,G72F086_7928,448,449,G72F086
25,353,354,G72F090_7929,449,450,G72F090
26,304,305,G72F030_7912,428,429,G72F030
26,305,306,G72F710_8051,547,548,G72F710
26,306,307,G72F720_8052,548,549,G72F720
26,307,308,G72F730_8053,549,550,G72F730
26,308,309,G72F740_8054,550,551,G72F740
26,309,310,G72F760_8055,551,552,G72F760
26,310,311,G72F766_8056,552,553,G72F766
26,311,312,G72F767_8057,553,554,G72F767
26,312,313,G72F768_8058,554,555,G72F768
26,313,314,G72F770_8059,555,556,G72F770
26,314,315,G72F771_8060,556,557,G72F771
26,316,317,G72F773_8061,558,559,G72F773
26,317,318,G72F774_8062,559,560,G72F774
26,337,338,G72F040_7913,429,430,G72F040
26,338,339,G72F040_7914,429,430,G72F040
26,446,447,G72F660_8033,532,533,G72F660
26,447,448,G72F660_8034,532,533,G72F660
26,448,449,G72F661_8035,533,534,G72F661
26,449,450,G72F661_8036,533,534,G72F661
26,450,451,G72F662_8037,534,535,G72F662
26,451,452,G72F662_8038,534,535,G72F662
26,452,453,G72F663_8039,535,536,G72F663
26,453,454,G72F663_8040,535,536,G72F663
26,454,455,G72F664_8041,536,537,G72F664
26,455,456,G72F664_8042,536,537,G72F664
26,456,457,G72F670_8043,538,539,G72F670
26,457,458,G72F671_8044,539,540,G72F671
26,458,459,G72F672_8045,540,541,G72F672
26,459,460,G72F674_8046,542,543,G72F674
26,460,461,G72F676_8047,544,545,G72F676
26,461,462,G72F677_8048,545,546,G72F677
26,462,463,G72F678_8049,546,547,G72F678
26,463,464,G72F700_8050,547,548,G72F710
27,215,216,G70R193_7763,582,583,G72F892
27,318,319,G72F810_8063,561,562,G72F810
27,319,320,G72F812_8064,563,564,G72F812
27,320,321,G72F813_8065,564,565,G72F813
27,339,340,G72F050_7915,430,431,G72F050
27,340,341,G72F060_7916,431,432,G72F060
27,464,465,G72F814_8066,565,566,G72F814
27,465,466,G72F820_8067,566,567,G72F820
27,466,467,G72F821_8068,567,568,G72F821
27,467,468,G72F830_8069,568,569,G72F830
27,468,469,G72F831_8070,569,570,G72F831
27,469,470,G72F832_8071,570,571,G72F832
27,470,471,G72F833_8072,571,572,G72F833
27,471,472,G72F834_8073,572,573,G72F834
27,472,473,G72F835_8074,573,574,G72F835
27,473,474,G72F870_8075,574,575,G72F870
27,474,475,G72F872_8076,576,577,G72F872
27,475,476,G72F873_8077,577,578,G72F873
27,476,477,G72F874_8078,578,579,G72F874
27,477,478,G72F880_8079,579,580,G72F880
27,478,479,G72F881_8080,601,602,G72K882
27,479,480,G72F890_8081,580,581,G72F890
27,480,481,G72F891_8082,581,582,G72F891
27,481,482,G72F893_8083,583,584,G72F893
27,482,483,G72F894_8084,584,585,G72F894
27,483,484,G72K050_8085,586,587,G72K050
28,38,39,G72F331_7966,479,480,G72F331
28,39,40,G72F332_7967,480,481,G72F332
28,40,41,G72F333_7968,481,482,G72F333
28,41,42,G72F334_7969,482,483,G72F334
28,42,43,G72F335_7970,483,484,G72F335
28,43,44,G72F336_7971,484,485,G72F336
28,44,45,G72F337_7972,485,486,G72F337
28,45,46,G72F337_7972_1,485,486,G72F337
28,491,492,G72K330_8092,593,594,G72K330
28,492,493,G72K332_8093,594,595,G72K332
29,1,2,G72R272_8122,624,625,G72R272
29,2,3,G72R280_8123,625,626,G72R280
29,3,4,G72R290_8124,626,627,G72R290
29,4,5,G72R291_8125,627,628,G72R291
29,5,6,G72R292_8126,628,629,G72R292
29,6,7,G72R293_8127,629,630,G72R293
29,7,8,G72R294_8128,630,631,G72R294
29,8,9,G72R295_8129,631,632,G72R295
29,9,10,G72R310_8130,632,633,G72R310
29,495,496,G72R161_8108,606,607,G72R165
29,496,497,G72R170_8110,607,608,G72R170
29,497,498,G72R171_8111,608,609,G72R171
29,498,499,G72R180_8112,609,610,G72R180
29,508,509,G72R211_8116,618,619,G72R211
29,510,511,G72R230_8117,620,621,G72R240
29,511,512,G72R240_8118,620,621,G72R240
29,512,513,G72R260_8119,621,622,G72R260
29,513,514,G72R270_8120,622,623,G72R270
29,514,515,G72R271_8121,623,624,G72R271
30,10,11,G72R330_8131,634,635,G72R330
30,11,12,G72R332_8132,635,636,G72R332
30,12,13,G72R333_8133,636,637,G72R333
30,13,14,G72R335_8134,638,639,G72R335
30,15,16,G72R340_8136,639,640,G72R340
30,16,17,G72R360_8137,641,642,G72R360
30,17,18,G72R370_8138,642,643,G72R370
30,18,19,G72R380_8139,643,644,G72R380
30,19,20,G72R390_8140,644,645,G72R390
31,0,1,BellAa_1358_17896_6,1012,1013,G72R84B
31,499,500,G72R200_17750_1,1011,1012,G72R83B
31,502,503,G72R200_17750_7,1012,1013,G72R84B
31,503,504,G72R205_17757_10,1011,1012,G72R83B
31,504,505,G72R205_17757_11,1011,1012,G72R83B
31,505,506,G72R205_17757_19,1012,1013,G72R84B
31,506,507,G72R205_17757_20,1012,1013,G72R84B
31,507,508,G72R205_17757_22,1012,1013,G72R84B
31,509,510,G72R211_81162,645,646,G72R410
32,22,23,G72R645_8143,662,663,G72R645
32,23,24,G72R646_8144,663,664,G72R646
32,24,25,G72R647_8145,664,665,G72R647
32,25,26,G72R648_8146,665,666,G72R648
32,26,27,G72R649_8147,666,667,G72R649
32,27,28,G72R650_8148,667,668,G72R650
32,28,29,G72R651_8149,668,669,G72R651
32,29,30,G72R653_8150,670,671,G72R653
32,515,516,G72R654_8151,671,672,G72R654
32,516,517,G72R655_8152,672,673,G72R655
32,517,518,G72R656_8153,673,674,G72R656
32,518,519,G72R657_8154,674,675,G72R657
32,519,520,G72R658_8155,675,676,G72R658
32,520,521,G72R659_8156,676,677,G72R659
32,521,522,G72R659_8157,676,677,G72R659
32,522,523,G72R661_8158,677,678,G72R661
32,523,524,G72R662_8159,678,679,G72R662
33,500,501,G72R200_17750_2,611,612,G72R200
33,501,502,G72R200_17750_3,611,612,G72R200
34,554,555,G73F100_8190,714,715,G73F100
34,555,556,G73F110_8191,715,716,G73F110
34,556,557,G73F111_8192,716,717,G73F111
34,557,558,G73F112_8193,717,718,G73F112
34,558,559,G73F113_8194,718,719,G73F113
34,559,560,G73F114_8195,719,720,G73F114
34,560,561,G73F115_8196,720,721,G73F115
34,561,562,G73F116_8197,721,722,G73F116
34,562,563,G73F117_8198,722,723,G73F117
34,563,564,G73F120_8199,723,724,G73F120
34,564,565,G73F130_8200,724,725,G73F130
34,565,566,G73F140_8201,725,726,G73F140
34,566,567,G73F150_8202,726,727,G73F150
34,567,568,G73F160_8203,727,728,G73F160
34,568,569,G73F170_8205,729,730,G73F170
34,569,570,G73F180_8206,730,731,G73F180
34,570,571,G73F190_8207,731,732,G73F190
34,571,572,G73F210_8208,732,733,G73F210
34,572,573,G73F211_8209,733,734,G73F211
34,573,574,G73F220_8210,734,735,G73F220
34,574,575,G73F221_8211,735,736,G73F221
34,575,576,G73F222_8212,736,737,G73F222
34,576,577,G73F230_8213,737,738,G73F230
34,577,578,G73F231_8214,738,739,G73F231
34,578,579,G73F232_8215,739,740,G73F232
34,579,580,G73F233_8216,740,741,G73F233
34,580,581,G73F234_8217,741,742,G73F234
34,581,582,G73F235_8218,742,743,G73F235
34,582,583,G73F240_8219,743,744,G73F240
34,583,584,G73F260_8220,744,745,G73F260
34,584,585,G73F270_8221,745,746,G73F270
34,585,586,G73F271_8222,746,747,G73F271
34,586,587,G73F272_8223,747,748,G73F272
34,587,588,G73F274_8224,749,750,G73F274
35,321,322,G73F360_8232,761,762,G73F360
35,322,323,G73F361_8233,762,763,G73F361
35,323,324,G73F363_8234,764,765,G73F363
35,324,325,G73F363_8235,764,765,G73F363
35,325,326,G73F363_8236,764,765,G73F363
35,547,548,G73F050_8183,707,708,G73F050
35,548,549,G73F060_8184,708,709,G73F060
35,549,550,G73F070_8185,709,710,G73F070
35,550,551,G73F071_8186,710,711,G73F071
35,551,552,G73F072_8187,711,712,G73F072
35,552,553,G73F080_8188,712,713,G73F080
35,553,554,G73F090_8189,713,714,G73F090
35,588,589,G73F310_8225,752,753,G73F310
35,589,590,G73F311_8226,753,754,G73F311
35,590,591,G73F312_8227,754,755,G73F312
35,591,592,G73F320_8228,757,758,G73F320
35,592,593,G73F330_8229,758,759,G73F330
35,593,594,G73F340_8230,759,760,G73F340
35,594,595,G73F350_8231,760,761,G73F350
35,615,616,G73K370_8267,802,803,G73K370
35,628,629,G73R711_8279,816,817,G73R711
35,632,633,G73R719_8283,821,822,G73R719
35,633,634,G73R722_8284,806,807,G73K727
36,326,327,G73F381_8237,768,769,G73F381
36,327,328,G73F382_8238,769,770,G73F382
36,328,329,G73F385_8239,771,772,G73F385
36,329,330,G73F400_8240,773,774,G73F400
36,330,331,G73F410_8241,774,775,G73F410
36,331,332,G73F420_8242,775,776,G73F420
36,332,333,G73F430_8243,776,777,G73F430
36,614,615,G73G384_8266,798,799,G73G384
36,616,617,G73K380_8268,768,769,G73F381
36,618,619,G73R430_8270,776,777,G73F430
36,619,620,G73R440_8271,807,808,G73R440
36,620,621,G73R450_8272,808,809,G73R450
36,621,622,G73R451_8273,809,810,G73R451
36,622,623,G73R452_8274,810,811,G73R452
36,623,624,G73R453_8275,811,812,G73R453
36,624,625,G73R454_8276,812,813,G73R454
36,625,626,G73R455_8277,813,814,G73R455
36,626,627,G73R460_8278,814,815,G73R460
36,627,628,G73R640_7970,808,809,G73R450
37,333,334,G73F500_8244,777,778,G73F500
37,334,335,G73F510_8245,778,779,G73F510
37,335,336,G73F510_8246,778,779,G73F510
37,336,337,G73F520_8247,779,780,G73F520
37,595,596,G73F520_8248,779,780,G73F520
37,596,597,G73F530_8249,780,781,G73F530
37,597,598,G73F530_8250,780,781,G73F530
37,598,599,G73F540_8251,781,782,G73F540
37,599,600,G73F540_8252,781,782,G73F540
37,600,601,G73F560_8253,782,783,G73F560
37,601,602,G73F560_8254,782,783,G73F560
37,602,603,G73F570_8255,783,784,G73F570
37,603,604,G73F570_8256,783,784,G73F570
37,608,609,G73F660_8261,792,793,G73F670
37,609,610,G73F660_8261_1,792,793,G73F670
37,610,611,G73F671_8262,793,794,G73F671
37,611,612,G73F672_8263,794,795,G73F672
37,612,613,G73F673_8264,795,796,G73F673
37,613,614,G73F674_8265,796,797,G73F674
38,629,630,G73R713_8280,818,819,G73R714
38,630,631,G73R716_8281,819,820,G73R716
38,631,632,G73R718_8282,820,821,G73R718
38,634,635,G73R724_8285,824,825,G73R724
39,635,636,G74F130_8286,825,826,G74F130
39,636,637,G74F140_8287,826,827,G74F140
39,637,638,G74F140_8288,826,827,G74F140
39,638,639,G74F180_8289,830,831,G74F180
39,639,640,G74F190_8290,831,832,G74F190
39,640,641,G74F191_8291,832,833,G74F191
39,641,642,G74F210_8292,833,834,G74F210
39,642,643,G74F211_8293,834,835,G74F211
39,643,644,G74F220_8294,835,836,G74F220
39,644,645,G74F221_8295,836,837,G74F221
39,645,646,G74F222_8296,837,838,G74F222
39,646,647,G74F230_8297,838,839,G74F230
39,647,648,G74F231_8298,839,840,G74F231
39,648,649,G74F232_8299,840,841,G74F232
39,649,650,G74F240_8300,841,842,G74F240
39,650,651,G74F241_8301,842,843,G74F241
39,651,652,G74F242_8302,843,844,G74F242
39,652,653,G74F243_8303,844,845,G74F243
39,653,654,G74F250_8304,845,846,G74F250
39,654,655,G74F260_8305,846,847,G74F260
39,655,656,G74F261_8306,847,848,G74F261
39,656,657,G74F270_8307,848,849,G74F270
39,657,658,G74F271_8308,849,850,G74F271
39,658,659,G74F272_8309,850,851,G74F272
39,659,660,G74F280_8310,851,852,G74F280
39,660,661,G74F281_8311,852,853,G74F281
39,661,662,G74F282_8312,853,854,G74F282
39,662,663,G74F282_8313,853,854,G74F282
39,663,664,G74F290_8314,854,855,G74F290
39,664,665,G74F310_8315,855,856,G74F310
39,665,666,G74F311_8316,856,857,G74F311
39,666,667,G74F312_8317,857,858,G74F312
39,667,668,G74F320_8318,858,859,G74F320
39,668,669,G74F321_8319,859,860,G74F321
39,669,670,G74F322_8320,860,861,G74F322
39,670,671,G74F323_8321,861,862,G74F323
41,671,672,G75F65Y_8322,863,864,G75F65Y
41,672,673,G75F65Y_8323,863,864,G75F65Y
42,604,605,G73F590_8257,785,786,G73F590
42,605,606,G73F614_8258,788,789,G73F614
42,606,607,G73F620_8259,789,790,G73F620
42,607,608,G73F620_8260,789,790,G73F620
42,617,618,G73K613_8269,805,806,G73K613
43,673,674,G80F313_8341,932,933,G80F313
44,682,683,G80F460_8350,950,951,G80F460
44,683,684,G80F461_8351,951,952,G80F461
44,684,685,G80F462_8352,952,953,G80F462
44,685,686,G80F463_8353,953,954,G80F463
44,686,687,G80F470_8354,954,955,G80F470
44,687,688,G80F492_8355,960,961,G80F492
44,688,689,G80F493_8356,961,962,G80F493
44,689,690,G80F494_8357,962,963,G80F494
44,690,691,G80F495_8358,963,964,G80F495
44,691,692,G80F496_8359,964,965,G80F496
45,674,675,G80F350_8342,935,936,G80F350
45,675,676,G80F390_8343,939,940,G80F390
45,676,677,G80F410_8344,941,942,G80F410
45,677,678,G80F421_8345,943,944,G80F421
45,678,679,G80F422_8346,944,945,G80F422
45,679,680,G80F423_8347,945,946,G80F423
45,680,681,G80F424_8348,946,947,G80F424
45,681,682,G80F425_8349,947,948,G80F425
45,692,693,G80F510_8360,966,967,G80F510
45,693,694,G80F520_8361,967,968,G80F520
46,694,695,G80F540_8362,969,970,G80F540
46,695,696,G80F560_8363,970,971,G80F560
46,696,697,G80F570_8364,971,972,G80F570
46,697,698,G80F580_8365,972,973,G80F580
46,698,699,G80F610_8366,973,974,G80F610
46,699,700,G80F620_8367,974,975,G80F620
46,700,701,G80F621_8368,975,976,G80F621
46,701,702,G80F622_8369,976,977,G80F622
46,702,703,G80F670_8370,979,980,G80F670
46,703,704,G80F680_8371,980,981,G80F680
46,704,705,G80F690_8372,981,982,G80F690
46,705,706,G80F710_8373,982,983,G80F710
46,706,707,G80F720_8374,983,984,G80F720
46,707,708,G80F730_8375,984,985,G80F730
46,708,709,G80F740_8376,985,986,G80F740
46,709,710,G80F741_8377,986,987,G80F741
46,710,711,G80F743_8378,988,989,G80F743
46,711,712,G80F743_8379,988,989,G80F743
46,712,713,G80S744_8380,988,989,G80F743
